<?xml version="1.0" encoding="UTF-8" standalone="no"?>
<Context docBase="C:\Users\JULIAN\OneDrive\Escritorio\Proyecto Final\proyecto_final\src\main\java\com\proyecto_final\gimnasio_fighting">
  <Resources cacheMaxSize="10240">
    <PreResources base="C:/Users/JULIAN/OneDrive/Escritorio/Proyecto Final/proyecto_final/target/classes" className="org.apache.catalina.webresources.DirResourceSet" webAppMount="/WEB-INF/classes"/>
    <PostResources base="C:/Users/JULIAN/.m2/repository/org/springframework/boot/spring-boot-starter-data-jpa/3.2.0-SNAPSHOT/spring-boot-starter-data-jpa-3.2.0-20231116.211123-535.jar" className="org.apache.catalina.webresources.FileResourceSet" webAppMount="/WEB-INF/lib/spring-boot-starter-data-jpa-3.2.0-20231116.211123-535.jar"/>
    <PostResources base="C:/Users/JULIAN/.m2/repository/org/springframework/boot/spring-boot-starter-aop/3.2.0-SNAPSHOT/spring-boot-starter-aop-3.2.0-20231116.211123-535.jar" className="org.apache.catalina.webresources.FileResourceSet" webAppMount="/WEB-INF/lib/spring-boot-starter-aop-3.2.0-20231116.211123-535.jar"/>
    <PostResources base="C:/Users/JULIAN/.m2/repository/org/aspectj/aspectjweaver/1.9.20.1/aspectjweaver-1.9.20.1.jar" className="org.apache.catalina.webresources.FileResourceSet" webAppMount="/WEB-INF/lib/aspectjweaver-1.9.20.1.jar"/>
    <PostResources base="C:/Users/JULIAN/.m2/repository/org/springframework/boot/spring-boot-starter-jdbc/3.2.0-SNAPSHOT/spring-boot-starter-jdbc-3.2.0-20231116.211123-535.jar" className="org.apache.catalina.webresources.FileResourceSet" webAppMount="/WEB-INF/lib/spring-boot-starter-jdbc-3.2.0-20231116.211123-535.jar"/>
    <PostResources base="C:/Users/JULIAN/.m2/repository/com/zaxxer/HikariCP/5.0.1/HikariCP-5.0.1.jar" className="org.apache.catalina.webresources.FileResourceSet" webAppMount="/WEB-INF/lib/HikariCP-5.0.1.jar"/>
    <PostResources base="C:/Users/JULIAN/.m2/repository/org/springframework/spring-jdbc/6.1.0/spring-jdbc-6.1.0.jar" className="org.apache.catalina.webresources.FileResourceSet" webAppMount="/WEB-INF/lib/spring-jdbc-6.1.0.jar"/>
    <PostResources base="C:/Users/JULIAN/.m2/repository/org/hibernate/orm/hibernate-core/6.3.1.Final/hibernate-core-6.3.1.Final.jar" className="org.apache.catalina.webresources.FileResourceSet" webAppMount="/WEB-INF/lib/hibernate-core-6.3.1.Final.jar"/>
    <PostResources base="C:/Users/JULIAN/.m2/repository/jakarta/persistence/jakarta.persistence-api/3.1.0/jakarta.persistence-api-3.1.0.jar" className="org.apache.catalina.webresources.FileResourceSet" webAppMount="/WEB-INF/lib/jakarta.persistence-api-3.1.0.jar"/>
    <PostResources base="C:/Users/JULIAN/.m2/repository/jakarta/transaction/jakarta.transaction-api/2.0.1/jakarta.transaction-api-2.0.1.jar" className="org.apache.catalina.webresources.FileResourceSet" webAppMount="/WEB-INF/lib/jakarta.transaction-api-2.0.1.jar"/>
    <PostResources base="C:/Users/JULIAN/.m2/repository/org/jboss/logging/jboss-logging/3.5.3.Final/jboss-logging-3.5.3.Final.jar" className="org.apache.catalina.webresources.FileResourceSet" webAppMount="/WEB-INF/lib/jboss-logging-3.5.3.Final.jar"/>
    <PostResources base="C:/Users/JULIAN/.m2/repository/org/hibernate/common/hibernate-commons-annotations/6.0.6.Final/hibernate-commons-annotations-6.0.6.Final.jar" className="org.apache.catalina.webresources.FileResourceSet" webAppMount="/WEB-INF/lib/hibernate-commons-annotations-6.0.6.Final.jar"/>
    <PostResources base="C:/Users/JULIAN/.m2/repository/io/smallrye/jandex/3.1.2/jandex-3.1.2.jar" className="org.apache.catalina.webresources.FileResourceSet" webAppMount="/WEB-INF/lib/jandex-3.1.2.jar"/>
    <PostResources base="C:/Users/JULIAN/.m2/repository/com/fasterxml/classmate/1.6.0/classmate-1.6.0.jar" className="org.apache.catalina.webresources.FileResourceSet" webAppMount="/WEB-INF/lib/classmate-1.6.0.jar"/>
    <PostResources base="C:/Users/JULIAN/.m2/repository/net/bytebuddy/byte-buddy/1.14.9/byte-buddy-1.14.9.jar" className="org.apache.catalina.webresources.FileResourceSet" webAppMount="/WEB-INF/lib/byte-buddy-1.14.9.jar"/>
    <PostResources base="C:/Users/JULIAN/.m2/repository/org/glassfish/jaxb/jaxb-runtime/4.0.4/jaxb-runtime-4.0.4.jar" className="org.apache.catalina.webresources.FileResourceSet" webAppMount="/WEB-INF/lib/jaxb-runtime-4.0.4.jar"/>
    <PostResources base="C:/Users/JULIAN/.m2/repository/org/glassfish/jaxb/jaxb-core/4.0.4/jaxb-core-4.0.4.jar" className="org.apache.catalina.webresources.FileResourceSet" webAppMount="/WEB-INF/lib/jaxb-core-4.0.4.jar"/>
    <PostResources base="C:/Users/JULIAN/.m2/repository/org/eclipse/angus/angus-activation/2.0.1/angus-activation-2.0.1.jar" className="org.apache.catalina.webresources.FileResourceSet" webAppMount="/WEB-INF/lib/angus-activation-2.0.1.jar"/>
    <PostResources base="C:/Users/JULIAN/.m2/repository/org/glassfish/jaxb/txw2/4.0.4/txw2-4.0.4.jar" className="org.apache.catalina.webresources.FileResourceSet" webAppMount="/WEB-INF/lib/txw2-4.0.4.jar"/>
    <PostResources base="C:/Users/JULIAN/.m2/repository/com/sun/istack/istack-commons-runtime/4.1.2/istack-commons-runtime-4.1.2.jar" className="org.apache.catalina.webresources.FileResourceSet" webAppMount="/WEB-INF/lib/istack-commons-runtime-4.1.2.jar"/>
    <PostResources base="C:/Users/JULIAN/.m2/repository/jakarta/inject/jakarta.inject-api/2.0.1/jakarta.inject-api-2.0.1.jar" className="org.apache.catalina.webresources.FileResourceSet" webAppMount="/WEB-INF/lib/jakarta.inject-api-2.0.1.jar"/>
    <PostResources base="C:/Users/JULIAN/.m2/repository/org/antlr/antlr4-runtime/4.10.1/antlr4-runtime-4.10.1.jar" className="org.apache.catalina.webresources.FileResourceSet" webAppMount="/WEB-INF/lib/antlr4-runtime-4.10.1.jar"/>
    <PostResources base="C:/Users/JULIAN/.m2/repository/org/springframework/data/spring-data-jpa/3.2.0-SNAPSHOT/spring-data-jpa-3.2.0-20231116.192358-421.jar" className="org.apache.catalina.webresources.FileResourceSet" webAppMount="/WEB-INF/lib/spring-data-jpa-3.2.0-20231116.192358-421.jar"/>
    <PostResources base="C:/Users/JULIAN/.m2/repository/org/springframework/data/spring-data-commons/3.2.0-SNAPSHOT/spring-data-commons-3.2.0-20231116.192118-329.jar" className="org.apache.catalina.webresources.FileResourceSet" webAppMount="/WEB-INF/lib/spring-data-commons-3.2.0-20231116.192118-329.jar"/>
    <PostResources base="C:/Users/JULIAN/.m2/repository/org/springframework/spring-orm/6.1.0/spring-orm-6.1.0.jar" className="org.apache.catalina.webresources.FileResourceSet" webAppMount="/WEB-INF/lib/spring-orm-6.1.0.jar"/>
    <PostResources base="C:/Users/JULIAN/.m2/repository/org/springframework/spring-tx/6.1.0/spring-tx-6.1.0.jar" className="org.apache.catalina.webresources.FileResourceSet" webAppMount="/WEB-INF/lib/spring-tx-6.1.0.jar"/>
    <PostResources base="C:/Users/JULIAN/.m2/repository/jakarta/annotation/jakarta.annotation-api/2.1.1/jakarta.annotation-api-2.1.1.jar" className="org.apache.catalina.webresources.FileResourceSet" webAppMount="/WEB-INF/lib/jakarta.annotation-api-2.1.1.jar"/>
    <PostResources base="C:/Users/JULIAN/.m2/repository/org/springframework/spring-aspects/6.1.0/spring-aspects-6.1.0.jar" className="org.apache.catalina.webresources.FileResourceSet" webAppMount="/WEB-INF/lib/spring-aspects-6.1.0.jar"/>
    <PostResources base="C:/Users/JULIAN/.m2/repository/org/springframework/boot/spring-boot-starter-security/3.2.0-SNAPSHOT/spring-boot-starter-security-3.2.0-20231116.211123-535.jar" className="org.apache.catalina.webresources.FileResourceSet" webAppMount="/WEB-INF/lib/spring-boot-starter-security-3.2.0-20231116.211123-535.jar"/>
    <PostResources base="C:/Users/JULIAN/.m2/repository/org/springframework/boot/spring-boot-starter/3.2.0-SNAPSHOT/spring-boot-starter-3.2.0-20231116.211123-535.jar" className="org.apache.catalina.webresources.FileResourceSet" webAppMount="/WEB-INF/lib/spring-boot-starter-3.2.0-20231116.211123-535.jar"/>
    <PostResources base="C:/Users/JULIAN/.m2/repository/org/springframework/boot/spring-boot-starter-logging/3.2.0-SNAPSHOT/spring-boot-starter-logging-3.2.0-20231116.211123-535.jar" className="org.apache.catalina.webresources.FileResourceSet" webAppMount="/WEB-INF/lib/spring-boot-starter-logging-3.2.0-20231116.211123-535.jar"/>
    <PostResources base="C:/Users/JULIAN/.m2/repository/ch/qos/logback/logback-classic/1.4.11/logback-classic-1.4.11.jar" className="org.apache.catalina.webresources.FileResourceSet" webAppMount="/WEB-INF/lib/logback-classic-1.4.11.jar"/>
    <PostResources base="C:/Users/JULIAN/.m2/repository/ch/qos/logback/logback-core/1.4.11/logback-core-1.4.11.jar" className="org.apache.catalina.webresources.FileResourceSet" webAppMount="/WEB-INF/lib/logback-core-1.4.11.jar"/>
    <PostResources base="C:/Users/JULIAN/.m2/repository/org/apache/logging/log4j/log4j-to-slf4j/2.21.1/log4j-to-slf4j-2.21.1.jar" className="org.apache.catalina.webresources.FileResourceSet" webAppMount="/WEB-INF/lib/log4j-to-slf4j-2.21.1.jar"/>
    <PostResources base="C:/Users/JULIAN/.m2/repository/org/apache/logging/log4j/log4j-api/2.21.1/log4j-api-2.21.1.jar" className="org.apache.catalina.webresources.FileResourceSet" webAppMount="/WEB-INF/lib/log4j-api-2.21.1.jar"/>
    <PostResources base="C:/Users/JULIAN/.m2/repository/org/slf4j/jul-to-slf4j/2.0.9/jul-to-slf4j-2.0.9.jar" className="org.apache.catalina.webresources.FileResourceSet" webAppMount="/WEB-INF/lib/jul-to-slf4j-2.0.9.jar"/>
    <PostResources base="C:/Users/JULIAN/.m2/repository/org/yaml/snakeyaml/2.2/snakeyaml-2.2.jar" className="org.apache.catalina.webresources.FileResourceSet" webAppMount="/WEB-INF/lib/snakeyaml-2.2.jar"/>
    <PostResources base="C:/Users/JULIAN/.m2/repository/org/springframework/spring-aop/6.1.0/spring-aop-6.1.0.jar" className="org.apache.catalina.webresources.FileResourceSet" webAppMount="/WEB-INF/lib/spring-aop-6.1.0.jar"/>
    <PostResources base="C:/Users/JULIAN/.m2/repository/org/springframework/security/spring-security-web/6.2.0-SNAPSHOT/spring-security-web-6.2.0-20231120.101557-353.jar" className="org.apache.catalina.webresources.FileResourceSet" webAppMount="/WEB-INF/lib/spring-security-web-6.2.0-20231120.101557-353.jar"/>
    <PostResources base="C:/Users/JULIAN/.m2/repository/org/springframework/spring-expression/6.1.0/spring-expression-6.1.0.jar" className="org.apache.catalina.webresources.FileResourceSet" webAppMount="/WEB-INF/lib/spring-expression-6.1.0.jar"/>
    <PostResources base="C:/Users/JULIAN/.m2/repository/org/springframework/boot/spring-boot-starter-thymeleaf/3.2.0-SNAPSHOT/spring-boot-starter-thymeleaf-3.2.0-20231116.211123-535.jar" className="org.apache.catalina.webresources.FileResourceSet" webAppMount="/WEB-INF/lib/spring-boot-starter-thymeleaf-3.2.0-20231116.211123-535.jar"/>
    <PostResources base="C:/Users/JULIAN/.m2/repository/org/thymeleaf/thymeleaf-spring6/3.1.2.RELEASE/thymeleaf-spring6-3.1.2.RELEASE.jar" className="org.apache.catalina.webresources.FileResourceSet" webAppMount="/WEB-INF/lib/thymeleaf-spring6-3.1.2.RELEASE.jar"/>
    <PostResources base="C:/Users/JULIAN/.m2/repository/org/thymeleaf/thymeleaf/3.1.2.RELEASE/thymeleaf-3.1.2.RELEASE.jar" className="org.apache.catalina.webresources.FileResourceSet" webAppMount="/WEB-INF/lib/thymeleaf-3.1.2.RELEASE.jar"/>
    <PostResources base="C:/Users/JULIAN/.m2/repository/org/attoparser/attoparser/2.0.7.RELEASE/attoparser-2.0.7.RELEASE.jar" className="org.apache.catalina.webresources.FileResourceSet" webAppMount="/WEB-INF/lib/attoparser-2.0.7.RELEASE.jar"/>
    <PostResources base="C:/Users/JULIAN/.m2/repository/org/unbescape/unbescape/1.1.6.RELEASE/unbescape-1.1.6.RELEASE.jar" className="org.apache.catalina.webresources.FileResourceSet" webAppMount="/WEB-INF/lib/unbescape-1.1.6.RELEASE.jar"/>
    <PostResources base="C:/Users/JULIAN/.m2/repository/org/springframework/boot/spring-boot-starter-web/3.2.0-SNAPSHOT/spring-boot-starter-web-3.2.0-20231116.211123-535.jar" className="org.apache.catalina.webresources.FileResourceSet" webAppMount="/WEB-INF/lib/spring-boot-starter-web-3.2.0-20231116.211123-535.jar"/>
    <PostResources base="C:/Users/JULIAN/.m2/repository/org/springframework/boot/spring-boot-starter-json/3.2.0-SNAPSHOT/spring-boot-starter-json-3.2.0-20231116.211123-535.jar" className="org.apache.catalina.webresources.FileResourceSet" webAppMount="/WEB-INF/lib/spring-boot-starter-json-3.2.0-20231116.211123-535.jar"/>
    <PostResources base="C:/Users/JULIAN/.m2/repository/com/fasterxml/jackson/core/jackson-databind/2.15.3/jackson-databind-2.15.3.jar" className="org.apache.catalina.webresources.FileResourceSet" webAppMount="/WEB-INF/lib/jackson-databind-2.15.3.jar"/>
    <PostResources base="C:/Users/JULIAN/.m2/repository/com/fasterxml/jackson/core/jackson-annotations/2.15.3/jackson-annotations-2.15.3.jar" className="org.apache.catalina.webresources.FileResourceSet" webAppMount="/WEB-INF/lib/jackson-annotations-2.15.3.jar"/>
    <PostResources base="C:/Users/JULIAN/.m2/repository/com/fasterxml/jackson/core/jackson-core/2.15.3/jackson-core-2.15.3.jar" className="org.apache.catalina.webresources.FileResourceSet" webAppMount="/WEB-INF/lib/jackson-core-2.15.3.jar"/>
    <PostResources base="C:/Users/JULIAN/.m2/repository/com/fasterxml/jackson/datatype/jackson-datatype-jdk8/2.15.3/jackson-datatype-jdk8-2.15.3.jar" className="org.apache.catalina.webresources.FileResourceSet" webAppMount="/WEB-INF/lib/jackson-datatype-jdk8-2.15.3.jar"/>
    <PostResources base="C:/Users/JULIAN/.m2/repository/com/fasterxml/jackson/datatype/jackson-datatype-jsr310/2.15.3/jackson-datatype-jsr310-2.15.3.jar" className="org.apache.catalina.webresources.FileResourceSet" webAppMount="/WEB-INF/lib/jackson-datatype-jsr310-2.15.3.jar"/>
    <PostResources base="C:/Users/JULIAN/.m2/repository/com/fasterxml/jackson/module/jackson-module-parameter-names/2.15.3/jackson-module-parameter-names-2.15.3.jar" className="org.apache.catalina.webresources.FileResourceSet" webAppMount="/WEB-INF/lib/jackson-module-parameter-names-2.15.3.jar"/>
    <PostResources base="C:/Users/JULIAN/.m2/repository/org/springframework/boot/spring-boot-starter-tomcat/3.2.0-SNAPSHOT/spring-boot-starter-tomcat-3.2.0-20231116.211123-535.jar" className="org.apache.catalina.webresources.FileResourceSet" webAppMount="/WEB-INF/lib/spring-boot-starter-tomcat-3.2.0-20231116.211123-535.jar"/>
    <PostResources base="C:/Users/JULIAN/.m2/repository/org/apache/tomcat/embed/tomcat-embed-core/10.1.15/tomcat-embed-core-10.1.15.jar" className="org.apache.catalina.webresources.FileResourceSet" webAppMount="/WEB-INF/lib/tomcat-embed-core-10.1.15.jar"/>
    <PostResources base="C:/Users/JULIAN/.m2/repository/org/apache/tomcat/embed/tomcat-embed-el/10.1.15/tomcat-embed-el-10.1.15.jar" className="org.apache.catalina.webresources.FileResourceSet" webAppMount="/WEB-INF/lib/tomcat-embed-el-10.1.15.jar"/>
    <PostResources base="C:/Users/JULIAN/.m2/repository/org/apache/tomcat/embed/tomcat-embed-websocket/10.1.15/tomcat-embed-websocket-10.1.15.jar" className="org.apache.catalina.webresources.FileResourceSet" webAppMount="/WEB-INF/lib/tomcat-embed-websocket-10.1.15.jar"/>
    <PostResources base="C:/Users/JULIAN/.m2/repository/org/springframework/spring-web/6.1.0/spring-web-6.1.0.jar" className="org.apache.catalina.webresources.FileResourceSet" webAppMount="/WEB-INF/lib/spring-web-6.1.0.jar"/>
    <PostResources base="C:/Users/JULIAN/.m2/repository/io/micrometer/micrometer-observation/1.12.0/micrometer-observation-1.12.0.jar" className="org.apache.catalina.webresources.FileResourceSet" webAppMount="/WEB-INF/lib/micrometer-observation-1.12.0.jar"/>
    <PostResources base="C:/Users/JULIAN/.m2/repository/io/micrometer/micrometer-commons/1.12.0/micrometer-commons-1.12.0.jar" className="org.apache.catalina.webresources.FileResourceSet" webAppMount="/WEB-INF/lib/micrometer-commons-1.12.0.jar"/>
    <PostResources base="C:/Users/JULIAN/.m2/repository/org/springframework/spring-webmvc/6.1.0/spring-webmvc-6.1.0.jar" className="org.apache.catalina.webresources.FileResourceSet" webAppMount="/WEB-INF/lib/spring-webmvc-6.1.0.jar"/>
    <PostResources base="C:/Users/JULIAN/.m2/repository/org/thymeleaf/extras/thymeleaf-extras-springsecurity6/3.1.2.RELEASE/thymeleaf-extras-springsecurity6-3.1.2.RELEASE.jar" className="org.apache.catalina.webresources.FileResourceSet" webAppMount="/WEB-INF/lib/thymeleaf-extras-springsecurity6-3.1.2.RELEASE.jar"/>
    <PostResources base="C:/Users/JULIAN/.m2/repository/org/slf4j/slf4j-api/2.0.9/slf4j-api-2.0.9.jar" className="org.apache.catalina.webresources.FileResourceSet" webAppMount="/WEB-INF/lib/slf4j-api-2.0.9.jar"/>
    <PostResources base="C:/Users/JULIAN/.m2/repository/org/springframework/boot/spring-boot-devtools/3.2.0-SNAPSHOT/spring-boot-devtools-3.2.0-20231116.211123-535.jar" className="org.apache.catalina.webresources.FileResourceSet" webAppMount="/WEB-INF/lib/spring-boot-devtools-3.2.0-20231116.211123-535.jar"/>
    <PostResources base="C:/Users/JULIAN/.m2/repository/org/springframework/boot/spring-boot/3.2.0-SNAPSHOT/spring-boot-3.2.0-20231116.211123-535.jar" className="org.apache.catalina.webresources.FileResourceSet" webAppMount="/WEB-INF/lib/spring-boot-3.2.0-20231116.211123-535.jar"/>
    <PostResources base="C:/Users/JULIAN/.m2/repository/org/springframework/boot/spring-boot-autoconfigure/3.2.0-SNAPSHOT/spring-boot-autoconfigure-3.2.0-20231116.211123-536.jar" className="org.apache.catalina.webresources.FileResourceSet" webAppMount="/WEB-INF/lib/spring-boot-autoconfigure-3.2.0-20231116.211123-536.jar"/>
    <PostResources base="C:/Users/JULIAN/.m2/repository/org/postgresql/postgresql/42.6.0/postgresql-42.6.0.jar" className="org.apache.catalina.webresources.FileResourceSet" webAppMount="/WEB-INF/lib/postgresql-42.6.0.jar"/>
    <PostResources base="C:/Users/JULIAN/.m2/repository/org/checkerframework/checker-qual/3.31.0/checker-qual-3.31.0.jar" className="org.apache.catalina.webresources.FileResourceSet" webAppMount="/WEB-INF/lib/checker-qual-3.31.0.jar"/>
    <PostResources base="C:/Users/JULIAN/.m2/repository/org/projectlombok/lombok/1.18.30/lombok-1.18.30.jar" className="org.apache.catalina.webresources.FileResourceSet" webAppMount="/WEB-INF/lib/lombok-1.18.30.jar"/>
    <PostResources base="C:/Users/JULIAN/.m2/repository/jakarta/xml/bind/jakarta.xml.bind-api/4.0.1/jakarta.xml.bind-api-4.0.1.jar" className="org.apache.catalina.webresources.FileResourceSet" webAppMount="/WEB-INF/lib/jakarta.xml.bind-api-4.0.1.jar"/>
    <PostResources base="C:/Users/JULIAN/.m2/repository/jakarta/activation/jakarta.activation-api/2.1.2/jakarta.activation-api-2.1.2.jar" className="org.apache.catalina.webresources.FileResourceSet" webAppMount="/WEB-INF/lib/jakarta.activation-api-2.1.2.jar"/>
    <PostResources base="C:/Users/JULIAN/.m2/repository/org/springframework/spring-core/6.1.0/spring-core-6.1.0.jar" className="org.apache.catalina.webresources.FileResourceSet" webAppMount="/WEB-INF/lib/spring-core-6.1.0.jar"/>
    <PostResources base="C:/Users/JULIAN/.m2/repository/org/springframework/spring-jcl/6.1.0/spring-jcl-6.1.0.jar" className="org.apache.catalina.webresources.FileResourceSet" webAppMount="/WEB-INF/lib/spring-jcl-6.1.0.jar"/>
    <PostResources base="C:/Users/JULIAN/.m2/repository/org/springframework/security/spring-security-core/6.2.0-SNAPSHOT/spring-security-core-6.2.0-20231120.101557-353.jar" className="org.apache.catalina.webresources.FileResourceSet" webAppMount="/WEB-INF/lib/spring-security-core-6.2.0-20231120.101557-353.jar"/>
    <PostResources base="C:/Users/JULIAN/.m2/repository/org/springframework/security/spring-security-crypto/6.2.0-SNAPSHOT/spring-security-crypto-6.2.0-20231120.101557-353.jar" className="org.apache.catalina.webresources.FileResourceSet" webAppMount="/WEB-INF/lib/spring-security-crypto-6.2.0-20231120.101557-353.jar"/>
    <PostResources base="C:/Users/JULIAN/.m2/repository/org/springframework/security/spring-security-config/5.0.7.RELEASE/spring-security-config-5.0.7.RELEASE.jar" className="org.apache.catalina.webresources.FileResourceSet" webAppMount="/WEB-INF/lib/spring-security-config-5.0.7.RELEASE.jar"/>
    <PostResources base="C:/Users/JULIAN/.m2/repository/org/springframework/spring-beans/6.1.0/spring-beans-6.1.0.jar" className="org.apache.catalina.webresources.FileResourceSet" webAppMount="/WEB-INF/lib/spring-beans-6.1.0.jar"/>
    <PostResources base="C:/Users/JULIAN/.m2/repository/org/springframework/spring-context/6.1.0/spring-context-6.1.0.jar" className="org.apache.catalina.webresources.FileResourceSet" webAppMount="/WEB-INF/lib/spring-context-6.1.0.jar"/>
  </Resources>
</Context>
